Produto,Ean,Categoria,Unidade de Vendas,Mercado,Preço
Cebola,7891234560140,Comidas,Kg,Atacadão,7.09
Tomate,7891234560133,Comidas,Kg,Atacadão,10.45
Cebola,7891234560140,Comidas,Kg,Bergamini,8.43
Tomate,7891234560133,Comidas,Kg,Bergamini,11.07
Cebola,7891234560140,Comidas,Kg,Giga Atacado,7.74
Cebola,7891234560140,Comidas,Kg,Tenda Atacado,6.28
Tomate,7891234560133,Comidas,Kg,Giga Atacado,11.96
Tomate,7891234560133,Comidas,Kg,Tenda Atacado,8.04
Sabão em Pó,7896543210113,Higiene,Kg,Atacadão,19.8
Pão Francês,7891234560072,Comidas,Kg,Atacadão,29.95
Shampoo,7896543210021,Higiene,300 ml,Atacadão,16.87
Margarina,7891234560157,Comidas,500 g,Atacadão,7.68
Laranja Pêra,7891234560126,Comidas,Kg,Atacadão,5.66
Margarina,7891234560157,Comidas,500 g,Bergamini,9.46
Laranja Pêra,7891234560126,Comidas,Kg,Bergamini,7.29
Pão Francês,7891234560072,Comidas,Kg,Bergamini,32.26
Shampoo,7896543210021,Higiene,300 ml,Bergamini,18.87
Banana Nanica,7891234560119,Comidas,Kg,Atacadão,9.78
Sabão em Pó,7896543210113,Higiene,Kg,Bergamini,21.55
Cebola,7891234560140,Comidas,Kg,Roldão Atacadista,6.9
Banana Nanica,7891234560119,Comidas,Kg,Bergamini,7.87
Açúcar Refinado,7891234560041,Comidas,1 kg,Atacadão,7
Creme Dental,7896543210038,Higiene,90 g,Atacadão,6.92
Desinfetante,7896543210076,Higiene,1 L,Atacadão,11.93
Cebola,7891234560140,Comidas,Kg,Assaí Atacadista,6.15
Creme Dental,7896543210038,Higiene,90 g,Bergamini,7.15
Tomate,7891234560133,Comidas,Kg,Assaí Atacadista,10.08
Tomate,7891234560133,Comidas,Kg,Roldão Atacadista,8.54
Água Sanitária,7896543210083,Higiene,1 L,Atacadão,5.56
Frango (Peito),7891234560096,Comidas,Kg,Atacadão,25.53
Desinfetante,7896543210076,Higiene,1 L,Bergamini,15.03
Shampoo,7896543210021,Higiene,300 ml,Tenda Atacado,18.7
Frango (Peito),7891234560096,Comidas,Kg,Bergamini,25.92
Margarina,7891234560157,Comidas,500 g,Giga Atacado,9.43
Pão Francês,7891234560072,Comidas,Kg,Tenda Atacado,26.2
Laranja Pêra,7891234560126,Comidas,Kg,Giga Atacado,7.36
Pão Francês,7891234560072,Comidas,Kg,Giga Atacado,26.83
Sabão em Pó,7896543210113,Higiene,Kg,Giga Atacado,18.45
Óleo de Soja,7891234560034,Comidas,900 ml,Atacadão,8.55
Shampoo,7896543210021,Higiene,300 ml,Giga Atacado,21.74
Água Sanitária,7896543210083,Higiene,1 L,Bergamini,4.81
Arroz (Pacote),7891234560010,Comidas,5 kg,Atacadão,56.35
Laranja Pêra,7891234560126,Comidas,Kg,Tenda Atacado,5.71
Tomate,7891234560133,Comidas,Kg,Sonda Supermercados,9.87
Banana Nanica,7891234560119,Comidas,Kg,Giga Atacado,8.06
Sabão em Pó,7896543210113,Higiene,Kg,Tenda Atacado,17.97
Margarina,7891234560157,Comidas,500 g,Tenda Atacado,8.74
Cebola,7891234560140,Comidas,Kg,D'avó Supermercados,7.36
Óleo de Soja,7891234560034,Comidas,900 ml,Bergamini,9.29
Tomate,7891234560133,Comidas,Kg,D'avó Supermercados,9.42
Cebola,7891234560140,Comidas,Kg,Lopes Supermercados,6.62
Tomate,7891234560133,Comidas,Kg,Lopes Supermercados,9.07
Cebola,7891234560140,Comidas,Kg,Sonda Supermercados,6.05
Massa de Macarrão,7891234560164,Comidas,500 g,Bergamini,5
Cebola,7891234560140,Comidas,Kg,Supermercados Kaçula,8.26
Açúcar Refinado,7891234560041,Comidas,1 kg,Bergamini,7.13
Condicionador,7896543210144,Higiene,200 ml,Atacadão,20.77
Desinfetante,7896543210076,Higiene,1 L,Giga Atacado,12.65
Creme Dental,7896543210038,Higiene,90 g,Giga Atacado,6.11
Iogurte Natural,7891234560188,Comidas,170 g,Atacadão,4.34
Arroz (Pacote),7891234560010,Comidas,5 kg,Bergamini,51.67
Água Sanitária,7896543210083,Higiene,1 L,Giga Atacado,5.67
Tomate,7891234560133,Comidas,Kg,Andorinha Hipermercado,9.5
Banana Nanica,7891234560119,Comidas,Kg,Tenda Atacado,10.12
Condicionador,7896543210144,Higiene,200 ml,Bergamini,19.67
Tomate,7891234560133,Comidas,Kg,Supermercados Kaçula,11.03
Desinfetante,7896543210076,Higiene,1 L,Tenda Atacado,11.38
Massa de Macarrão,7891234560164,Comidas,500 g,Atacadão,6.3
Frango (Peito),7891234560096,Comidas,Kg,Giga Atacado,24.57
Creme Dental,7896543210038,Higiene,90 g,Tenda Atacado,6.89
Margarina,7891234560157,Comidas,500 g,Roldão Atacadista,11
Leite Integral UHT,7891234560065,Comidas,1 L,Atacadão,6.63
Iogurte Natural,7891234560188,Comidas,170 g,Bergamini,4.26
Shampoo,7896543210021,Higiene,300 ml,Assaí Atacadista,21.12
Cebola,7891234560140,Comidas,Kg,Carrefour Hipermercado,7.02
Laranja Pêra,7891234560126,Comidas,Kg,Assaí Atacadista,5.79
Leite Integral UHT,7891234560065,Comidas,1 L,Bergamini,7.23
Pão Francês,7891234560072,Comidas,Kg,Assaí Atacadista,23.33
Carne Bovina (Acém),7891234560089,Comidas,Kg,Atacadão,45.83
Frango (Peito),7891234560096,Comidas,Kg,Tenda Atacado,18.65
Água Sanitária,7896543210083,Higiene,1 L,Tenda Atacado,5.09
Shampoo,7896543210021,Higiene,300 ml,D'avó Supermercados,22
Margarina,7891234560157,Comidas,500 g,Assaí Atacadista,8.36
Cebola,7891234560140,Comidas,Kg,Andorinha Hipermercado,6.28
Sabão em Pó,7896543210113,Higiene,Kg,Assaí Atacadista,17.33
Tomate,7891234560133,Comidas,Kg,Carrefour Hipermercado,8.99
Óleo de Soja,7891234560034,Comidas,900 ml,Giga Atacado,8.42
Tomate,7891234560133,Comidas,Kg,Supermercados Negreiros,8.72
Pão Francês,7891234560072,Comidas,Kg,Roldão Atacadista,24.27
Arroz (Pacote),7891234560010,Comidas,5 kg,Giga Atacado,42.86
Cebola,7891234560140,Comidas,Kg,Supermercados Negreiros,8.78
Laranja Pêra,7891234560126,Comidas,Kg,Roldão Atacadista,6.98
Açúcar Refinado,7891234560041,Comidas,1 kg,Giga Atacado,6.59
Creme Dental,7896543210038,Higiene,90 g,Assaí Atacadista,6.3
Escova de Dentes,7896543210090,Higiene,Unidade,Atacadão,9.25
Ovos Brancos (Dúzia),7891234560102,Comidas,Dúzia,Atacadão,13
Sabão em Pó,7896543210113,Higiene,Kg,Roldão Atacadista,20.92
Carne Bovina (Acém),7891234560089,Comidas,Kg,Bergamini,38.91
Shampoo,7896543210021,Higiene,300 ml,Roldão Atacadista,18.92
Óleo de Soja,7891234560034,Comidas,900 ml,Tenda Atacado,10.26
Desinfetante,7896543210076,Higiene,1 L,Assaí Atacadista,12.91
Detergente Líquido,7896543210052,Higiene,500 ml,Atacadão,3.15
Condicionador,7896543210144,Higiene,200 ml,Giga Atacado,17.31
Pão Francês,7891234560072,Comidas,Kg,Lopes Supermercados,32.9
Iogurte Natural,7891234560188,Comidas,170 g,Giga Atacado,4.44
Arroz (Pacote),7891234560010,Comidas,5 kg,Tenda Atacado,52.02
Banana Nanica,7891234560119,Comidas,Kg,Assaí Atacadista,10.52
Açúcar Refinado,7891234560041,Comidas,1 kg,Tenda Atacado,6.26
Banana Nanica,7891234560119,Comidas,Kg,Roldão Atacadista,9.65
Frango (Peito),7891234560096,Comidas,Kg,Assaí Atacadista,21.73
Pão Francês,7891234560072,Comidas,Kg,D'avó Supermercados,22.22
Pão Francês,7891234560072,Comidas,Kg,Sonda Supermercados,25.38
Laranja Pêra,7891234560126,Comidas,Kg,Lopes Supermercados,5.29
Sabão em Pó,7896543210113,Higiene,Kg,D'avó Supermercados,17.09
Sabão em Pó,7896543210113,Higiene,Kg,Sonda Supermercados,17.12
Escova de Dentes,7896543210090,Higiene,Unidade,Bergamini,10.77
Margarina,7891234560157,Comidas,500 g,Lopes Supermercados,7.53
Margarina,7891234560157,Comidas,500 g,D'avó Supermercados,9.01
Café Torrado e Moído,7891234560058,Comidas,500 g,Atacadão,20.6
Laranja Pêra,7891234560126,Comidas,Kg,Sonda Supermercados,7.29
Laranja Pêra,7891234560126,Comidas,Kg,D'avó Supermercados,6.39
Shampoo,7896543210021,Higiene,300 ml,Lopes Supermercados,16.08
Shampoo,7896543210021,Higiene,300 ml,Sonda Supermercados,15.29
Desinfetante,7896543210076,Higiene,1 L,Roldão Atacadista,16.16
Álcool Líquido/Gel,7896543210120,Higiene,500 ml,Bergamini,8.84
Carne Bovina (Acém),7891234560089,Comidas,Kg,Giga Atacado,34.6
Detergente Líquido,7896543210052,Higiene,500 ml,Bergamini,3.21
Sabão em Pó,7896543210113,Higiene,Kg,Lopes Supermercados,19.51
Creme Dental,7896543210038,Higiene,90 g,Roldão Atacadista,6.39
Álcool Líquido/Gel,7896543210120,Higiene,500 ml,Atacadão,11.13
Condicionador,7896543210144,Higiene,200 ml,Tenda Atacado,19.49
Leite Integral UHT,7891234560065,Comidas,1 L,Giga Atacado,6.79
Cebola,7891234560140,Comidas,Kg,Mercado Municipal da Lapa,6.27
Iogurte Natural,7891234560188,Comidas,170 g,Tenda Atacado,4.31
Água Sanitária,7896543210083,Higiene,1 L,Assaí Atacadista,4.72
Lã de Aço/Palha de Aço,7896543210106,Higiene,Pacote,Bergamini,5
Cebola,7891234560140,Comidas,Kg,Feira da Madrugada do Brás,7.27
Óleo de Soja,7891234560034,Comidas,900 ml,Assaí Atacadista,6.97
Água Sanitária,7896543210083,Higiene,1 L,Roldão Atacadista,5.42
Óleo de Soja,7891234560034,Comidas,900 ml,Lopes Supermercados,7
Sabão em Pó,7896543210113,Higiene,Kg,Supermercados Kaçula,21.71
Laranja Pêra,7891234560126,Comidas,Kg,Supermercados Kaçula,6.92
Creme Dental,7896543210038,Higiene,90 g,Sonda Supermercados,8.4
Shampoo,7896543210021,Higiene,300 ml,Supermercados Kaçula,15.58
Leite Integral UHT,7891234560065,Comidas,1 L,Tenda Atacado,6.43
Massa de Macarrão,7891234560164,Comidas,500 g,Giga Atacado,6.54
Arroz (Pacote),7891234560010,Comidas,5 kg,Assaí Atacadista,45.2
Margarina,7891234560157,Comidas,500 g,Supermercados Kaçula,8.51
Frango (Peito),7891234560096,Comidas,Kg,Roldão Atacadista,23.75
Pão Francês,7891234560072,Comidas,Kg,Supermercados Kaçula,29.81
Margarina,7891234560157,Comidas,500 g,Sonda Supermercados,10.14
Tomate,7891234560133,Comidas,Kg,Mercado Municipal da Lapa,10.88
Banana Nanica,7891234560119,Comidas,Kg,D'avó Supermercados,10.78
Laranja Pêra,7891234560126,Comidas,Kg,Carrefour Hipermercado,6.7
Banana Nanica,7891234560119,Comidas,Kg,Sonda Supermercados,11.15
Tomate,7891234560133,Comidas,Kg,Feira da Madrugada do Brás,11.45
Ovos Brancos (Dúzia),7891234560102,Comidas,Dúzia,Bergamini,16.11
Banana Nanica,7891234560119,Comidas,Kg,Lopes Supermercados,10.11
Banana Nanica,7891234560119,Comidas,Kg,Supermercados Kaçula,7.77
Carne Bovina (Acém),7891234560089,Comidas,Kg,Tenda Atacado,43.94
Escova de Dentes,7896543210090,Higiene,Unidade,Giga Atacado,11.7
Feijão Carioca (Pacote),7891234560027,Comidas,1 kg,Atacadão,8.91
Desinfetante,7896543210076,Higiene,1 L,D'avó Supermercados,14.45
Desinfetante,7896543210076,Higiene,1 L,Lopes Supermercados,16.47
Desinfetante,7896543210076,Higiene,1 L,Sonda Supermercados,14.61
Óleo de Soja,7891234560034,Comidas,900 ml,Roldão Atacadista,8.01
Açúcar Refinado,7891234560041,Comidas,1 kg,Assaí Atacadista,5.95
Creme Dental,7896543210038,Higiene,90 g,Lopes Supermercados,7.84
Shampoo,7896543210021,Higiene,300 ml,Carrefour Hipermercado,17.8
Café Torrado e Moído,7891234560058,Comidas,500 g,Bergamini,18.39
Sabonete em barra,7896543210014,Higiene,Kit 5x90g,Atacadão,35.39
Absorvente Higiênico,7896543210137,Higiene,Pacote,Atacadão,11.76
Creme Dental,7896543210038,Higiene,90 g,D'avó Supermercados,6.79
Massa de Macarrão,7891234560164,Comidas,500 g,Tenda Atacado,4.87
Carne Bovina (Acém),7891234560089,Comidas,Kg,Assaí Atacadista,36
Iogurte Natural,7891234560188,Comidas,170 g,Assaí Atacadista,5.22
Detergente Líquido,7896543210052,Higiene,500 ml,Giga Atacado,2.74
Sabão em Pó,7896543210113,Higiene,Kg,Carrefour Hipermercado,15.98
Feijão Carioca (Pacote),7891234560027,Comidas,1 kg,Bergamini,7.43
Pão Francês,7891234560072,Comidas,Kg,Carrefour Hipermercado,25.15
Pão Francês,7891234560072,Comidas,Kg,Andorinha Hipermercado,31.98
Margarina,7891234560157,Comidas,500 g,Carrefour Hipermercado,7.73
Desinfetante,7896543210076,Higiene,1 L,Supermercados Kaçula,16.41
Água Sanitária,7896543210083,Higiene,1 L,Sonda Supermercados,5.45
Água Sanitária,7896543210083,Higiene,1 L,Lopes Supermercados,5.98
Água Sanitária,7896543210083,Higiene,1 L,D'avó Supermercados,4.82
Arroz (Pacote),7891234560010,Comidas,5 kg,Roldão Atacadista,52.54
Lã de Aço/Palha de Aço,7896543210106,Higiene,Pacote,Atacadão,3.89
Frango (Peito),7891234560096,Comidas,Kg,Sonda Supermercados,19.52
Laranja Pêra,7891234560126,Comidas,Kg,Andorinha Hipermercado,6.54
Sabão em Pó,7896543210113,Higiene,Kg,Andorinha Hipermercado,20.53
Shampoo,7896543210021,Higiene,300 ml,Andorinha Hipermercado,19.03
Álcool Líquido/Gel,7896543210120,Higiene,500 ml,Giga Atacado,8.84
Absorvente Higiênico,7896543210137,Higiene,Pacote,Bergamini,11.68
Sabonete em barra,7896543210014,Higiene,Kit 5x90g,Bergamini,29.78
Margarina,7891234560157,Comidas,500 g,Andorinha Hipermercado,9.99
Açúcar Refinado,7891234560041,Comidas,1 kg,Roldão Atacadista,5.51
Condicionador,7896543210144,Higiene,200 ml,Assaí Atacadista,15.05
Carne Bovina (Acém),7891234560089,Comidas,Kg,Roldão Atacadista,40
Frango (Peito),7891234560096,Comidas,Kg,Lopes Supermercados,23.05
Creme Dental,7896543210038,Higiene,90 g,Supermercados Kaçula,8.39
Frango (Peito),7891234560096,Comidas,Kg,D'avó Supermercados,24.36
Álcool Líquido/Gel,7896543210120,Higiene,500 ml,Tenda Atacado,8.94
Shampoo,7896543210021,Higiene,300 ml,Supermercados Negreiros,18.45
Detergente Líquido,7896543210052,Higiene,500 ml,Tenda Atacado,3.62
Laranja Pêra,7891234560126,Comidas,Kg,Supermercados Negreiros,7.48
Água Sanitária,7896543210083,Higiene,1 L,Supermercados Kaçula,4.48
Iogurte Natural,7891234560188,Comidas,170 g,Roldão Atacadista,4.86
Escova de Dentes,7896543210090,Higiene,Unidade,Tenda Atacado,11.53
Cebola,7891234560140,Comidas,Kg,Mercado Municipal do Ipiranga,8.19
Condicionador,7896543210144,Higiene,200 ml,Roldão Atacadista,14.64
Pimenta do Reino (Moída),7891234560201,Comidas,50 g,Atacadão,13.92
Sabão em Pó,7896543210113,Higiene,Kg,Supermercados Negreiros,21.94
Margarina,7891234560157,Comidas,500 g,Supermercados Negreiros,9.61
Óleo de Soja,7891234560034,Comidas,900 ml,Sonda Supermercados,8.54
Óleo de Soja,7891234560034,Comidas,900 ml,D'avó Supermercados,9.49
Leite Integral UHT,7891234560065,Comidas,1 L,Assaí Atacadista,6.83
Banana Nanica,7891234560119,Comidas,Kg,Carrefour Hipermercado,7.62
Pão Francês,7891234560072,Comidas,Kg,Supermercados Negreiros,24.14
Frango (Peito),7891234560096,Comidas,Kg,Supermercados Kaçula,23.85
Banana Nanica,7891234560119,Comidas,Kg,Andorinha Hipermercado,8.62
Arroz (Pacote),7891234560010,Comidas,5 kg,Sonda Supermercados,53.66
Desinfetante,7896543210076,Higiene,1 L,Andorinha Hipermercado,15.81
Creme Dental,7896543210038,Higiene,90 g,Carrefour Hipermercado,7.19
Leite Integral UHT,7891234560065,Comidas,1 L,Roldão Atacadista,5.29
Óleo de Soja,7891234560034,Comidas,900 ml,Supermercados Kaçula,7.67
Shampoo,7896543210021,Higiene,300 ml,Mercado Municipal da Lapa,16.9
Tomate,7891234560133,Comidas,Kg,Mercado Municipal do Ipiranga,10.92
Desinfetante,7896543210076,Higiene,1 L,Carrefour Hipermercado,15.94
Açúcar Refinado,7891234560041,Comidas,1 kg,D'avó Supermercados,7.69
Açúcar Refinado,7891234560041,Comidas,1 kg,Lopes Supermercados,6.91
Açúcar Refinado,7891234560041,Comidas,1 kg,Sonda Supermercados,6.96
Café Torrado e Moído,7891234560058,Comidas,500 g,Giga Atacado,22.37
Cebola,7891234560140,Comidas,Kg,Mercado Municipal de Pinheiros,6.86
Creme Dental,7896543210038,Higiene,90 g,Andorinha Hipermercado,7.03
Banana Nanica,7891234560119,Comidas,Kg,Supermercados Negreiros,8.42
Arroz (Pacote),7891234560010,Comidas,5 kg,D'avó Supermercados,48.85
Ovos Brancos (Dúzia),7891234560102,Comidas,Dúzia,Giga Atacado,17.37
Pimenta do Reino (Moída),7891234560201,Comidas,50 g,Bergamini,14.15
Arroz (Pacote),7891234560010,Comidas,5 kg,Lopes Supermercados,56.68
Massa de Macarrão,7891234560164,Comidas,500 g,Assaí Atacadista,5.01
Queijo Muçarela (Fatiado),7891234560195,Comidas,100 g,Atacadão,9.13
Pano de Limpeza Multiuso,7896543210069,Higiene,Unidade,Atacadão,4.65
Detergente Líquido,7896543210052,Higiene,500 ml,Assaí Atacadista,3.2
Frango (Peito),7891234560096,Comidas,Kg,Andorinha Hipermercado,21.74
Sabão em Pó,7896543210113,Higiene,Kg,Mercado Municipal da Lapa,17.39
Margarina,7891234560157,Comidas,500 g,Mercado Municipal da Lapa,8.28
Condicionador,7896543210144,Higiene,200 ml,Sonda Supermercados,18.59
Feijão Carioca (Pacote),7891234560027,Comidas,1 kg,Giga Atacado,6.99
Frango (Peito),7891234560096,Comidas,Kg,Carrefour Hipermercado,18.62
Creme Dental,7896543210038,Higiene,90 g,Supermercados Negreiros,8.41
Massa de Macarrão,7891234560164,Comidas,500 g,Roldão Atacadista,6.52
Tomate,7891234560133,Comidas,Kg,Mercado Municipal de Pinheiros,10.85
Pão Francês,7891234560072,Comidas,Kg,Mercado Municipal da Lapa,31.24
Óleo de Soja,7891234560034,Comidas,900 ml,Andorinha Hipermercado,8.2
Desinfetante,7896543210076,Higiene,1 L,Supermercados Negreiros,13.27
Iogurte Natural,7891234560188,Comidas,170 g,D'avó Supermercados,4.86
Iogurte Natural,7891234560188,Comidas,170 g,Lopes Supermercados,4.43
Iogurte Natural,7891234560188,Comidas,170 g,Sonda Supermercados,4.68
Queijo Muçarela (Fatiado),7891234560195,Comidas,100 g,Bergamini,7.36
Absorvente Higiênico,7896543210137,Higiene,Pacote,Giga Atacado,14.81
Escova de Dentes,7896543210090,Higiene,Unidade,Assaí Atacadista,9.95
Condicionador,7896543210144,Higiene,200 ml,Lopes Supermercados,19.23
Laranja Pêra,7891234560126,Comidas,Kg,Mercado Municipal da Lapa,7.27
Condicionador,7896543210144,Higiene,200 ml,D'avó Supermercados,20.91
Arroz (Pacote),7891234560010,Comidas,5 kg,Supermercados Kaçula,47.26
Café Torrado e Moído,7891234560058,Comidas,500 g,Tenda Atacado,18.27
Ovos Brancos (Dúzia),7891234560102,Comidas,Dúzia,Tenda Atacado,17.72
Água Sanitária,7896543210083,Higiene,1 L,Andorinha Hipermercado,5.72
Água Sanitária,7896543210083,Higiene,1 L,Carrefour Hipermercado,5.92
Açúcar Refinado,7891234560041,Comidas,1 kg,Supermercados Kaçula,6.62
Sabonete em barra,7896543210014,Higiene,Kit 5x90g,Giga Atacado,36.75
Leite Integral UHT,7891234560065,Comidas,1 L,Lopes Supermercados,6.18
Açúcar Refinado,7891234560041,Comidas,1 kg,Andorinha Hipermercado,6.3
Sabonete em barra,7896543210014,Higiene,Kit 5x90g,Tenda Atacado,36.39
Leite Integral UHT,7891234560065,Comidas,1 L,Sonda Supermercados,7.35
Absorvente Higiênico,7896543210137,Higiene,Pacote,Tenda Atacado,12.46
Álcool Líquido/Gel,7896543210120,Higiene,500 ml,Assaí Atacadista,9.64
Sabão em Pó,7896543210113,Higiene,Kg,Feira da Madrugada do Brás,20.81
Leite Integral UHT,7891234560065,Comidas,1 L,D'avó Supermercados,6.23
Shampoo,7896543210021,Higiene,300 ml,Feira da Madrugada do Brás,20.09
Iogurte Natural,7891234560188,Comidas,170 g,Supermercados Kaçula,4.15
Pano de Limpeza Multiuso,7896543210069,Higiene,Unidade,Bergamini,5.79
Água Sanitária,7896543210083,Higiene,1 L,Supermercados Negreiros,5.79
Pão Francês,7891234560072,Comidas,Kg,Feira da Madrugada do Brás,31.55
Lã de Aço/Palha de Aço,7896543210106,Higiene,Pacote,Giga Atacado,5.25
Frango (Peito),7891234560096,Comidas,Kg,Supermercados Negreiros,22.87
Feijão Carioca (Pacote),7891234560027,Comidas,1 kg,Tenda Atacado,6.66
Condicionador,7896543210144,Higiene,200 ml,Supermercados Kaçula,15.25
Óleo de Soja,7891234560034,Comidas,900 ml,Carrefour Hipermercado,6.92
Laranja Pêra,7891234560126,Comidas,Kg,Feira da Madrugada do Brás,6.29
Banana Nanica,7891234560119,Comidas,Kg,Mercado Municipal da Lapa,7.99
Escova de Dentes,7896543210090,Higiene,Unidade,Roldão Atacadista,8.14
Carne Bovina (Acém),7891234560089,Comidas,Kg,Sonda Supermercados,48.75
Álcool Líquido/Gel,7896543210120,Higiene,500 ml,Roldão Atacadista,8.15
Suco Concentrado (Laranja),7891234560171,Comidas,500 ml,Atacadão,13.29
Óleo de Soja,7891234560034,Comidas,900 ml,Supermercados Negreiros,8.51
Arroz (Pacote),7891234560010,Comidas,5 kg,Andorinha Hipermercado,48.23
Pimenta do Reino (Moída),7891234560201,Comidas,50 g,Giga Atacado,14.83
Desinfetante,7896543210076,Higiene,1 L,Mercado Municipal da Lapa,13.03
Leite Integral UHT,7891234560065,Comidas,1 L,Supermercados Kaçula,6.94
Lã de Aço/Palha de Aço,7896543210106,Higiene,Pacote,Tenda Atacado,3.94
Arroz (Pacote),7891234560010,Comidas,5 kg,Carrefour Hipermercado,52.29
Detergente Líquido,7896543210052,Higiene,500 ml,Roldão Atacadista,2.73
Massa de Macarrão,7891234560164,Comidas,500 g,Lopes Supermercados,4.77
Massa de Macarrão,7891234560164,Comidas,500 g,D'avó Supermercados,5.13
Creme Dental,7896543210038,Higiene,90 g,Mercado Municipal da Lapa,7.48
Papel Higiênico (Pacote),7896543210045,Higiene,12 rolos,Atacadão,26.53
Cebola,7891234560140,Comidas,Kg,Extra Hiper (lojas remanescentes),8.55
Banana Nanica,7891234560119,Comidas,Kg,Feira da Madrugada do Brás,9.66
Margarina,7891234560157,Comidas,500 g,Feira da Madrugada do Brás,11.18
Açúcar Refinado,7891234560041,Comidas,1 kg,Carrefour Hipermercado,6.39
Carne Bovina (Acém),7891234560089,Comidas,Kg,Lopes Supermercados,50.47
Carne Bovina (Acém),7891234560089,Comidas,Kg,D'avó Supermercados,44.57
Massa de Macarrão,7891234560164,Comidas,500 g,Sonda Supermercados,4.75
Iogurte Natural,7891234560188,Comidas,170 g,Carrefour Hipermercado,3.58
Suco Concentrado (Laranja),7891234560171,Comidas,500 ml,Bergamini,14.59
Água Sanitária,7896543210083,Higiene,1 L,Mercado Municipal da Lapa,5.06
Pimenta do Reino (Moída),7891234560201,Comidas,50 g,Tenda Atacado,13.36
Iogurte Natural,7891234560188,Comidas,170 g,Andorinha Hipermercado,4.38
Queijo Muçarela (Fatiado),7891234560195,Comidas,100 g,Giga Atacado,7.76
Escova de Dentes,7896543210090,Higiene,Unidade,Lopes Supermercados,8.59
Álcool Líquido/Gel,7896543210120,Higiene,500 ml,D'avó Supermercados,9.3
Água Sanitária,7896543210083,Higiene,1 L,Feira da Madrugada do Brás,4.5
Açúcar Refinado,7891234560041,Comidas,1 kg,Supermercados Negreiros,7.17
Condicionador,7896543210144,Higiene,200 ml,Andorinha Hipermercado,20.06
Desinfetante,7896543210076,Higiene,1 L,Feira da Madrugada do Brás,16.08
Papel Higiênico (Pacote),7896543210045,Higiene,12 rolos,Bergamini,26.62
Massa de Macarrão,7891234560164,Comidas,500 g,Supermercados Kaçula,4.91
Frango (Peito),7891234560096,Comidas,Kg,Mercado Municipal da Lapa,18.88
Carne Bovina (Acém),7891234560089,Comidas,Kg,Supermercados Kaçula,36.77
Condicionador,7896543210144,Higiene,200 ml,Carrefour Hipermercado,19.79
Creme Dental,7896543210038,Higiene,90 g,Feira da Madrugada do Brás,6.61
Ovos Brancos (Dúzia),7891234560102,Comidas,Dúzia,Assaí Atacadista,16.16
Café Torrado e Moído,7891234560058,Comidas,500 g,Assaí Atacadista,19.04
Tomate,7891234560133,Comidas,Kg,Extra Hiper (lojas remanescentes),10.48
Arroz (Pacote),7891234560010,Comidas,5 kg,Supermercados Negreiros,48.94
Detergente Líquido,7896543210052,Higiene,500 ml,Sonda Supermercados,2.97
Detergente Líquido,7896543210052,Higiene,500 ml,Lopes Supermercados,3.69
Detergente Líquido,7896543210052,Higiene,500 ml,D'avó Supermercados,3.06
Sabão em Pó,7896543210113,Higiene,Kg,Mercado Municipal do Ipiranga,19.78
Óleo de Soja,7891234560034,Comidas,900 ml,Mercado Municipal da Lapa,7.62
Álcool Líquido/Gel,7896543210120,Higiene,500 ml,Lopes Supermercados,9.53
Pano de Limpeza Multiuso,7896543210069,Higiene,Unidade,Giga Atacado,5.18
Pano de Limpeza Multiuso,7896543210069,Higiene,Unidade,Tenda Atacado,4.8
Absorvente Higiênico,7896543210137,Higiene,Pacote,Assaí Atacadista,13.64
Café Torrado e Moído,7891234560058,Comidas,500 g,Roldão Atacadista,23.88
Escova de Dentes,7896543210090,Higiene,Unidade,Sonda Supermercados,11.66
Feijão Carioca (Pacote),7891234560027,Comidas,1 kg,Assaí Atacadista,6.83
Shampoo,7896543210021,Higiene,300 ml,Mercado Municipal do Ipiranga,21.59
Escova de Dentes,7896543210090,Higiene,Unidade,D'avó Supermercados,10.76
Iogurte Natural,7891234560188,Comidas,170 g,Supermercados Negreiros,4.19
Sabonete em barra,7896543210014,Higiene,Kit 5x90g,Assaí Atacadista,36.02
Ovos Brancos (Dúzia),7891234560102,Comidas,Dúzia,Roldão Atacadista,17.09
Leite Integral UHT,7891234560065,Comidas,1 L,Carrefour Hipermercado,5.15
Condicionador,7896543210144,Higiene,200 ml,Supermercados Negreiros,20.53
Massa de Macarrão,7891234560164,Comidas,500 g,Andorinha Hipermercado,4.9
Leite Integral UHT,7891234560065,Comidas,1 L,Andorinha Hipermercado,5.06
Frango (Peito),7891234560096,Comidas,Kg,Feira da Madrugada do Brás,22.04
Laranja Pêra,7891234560126,Comidas,Kg,Mercado Municipal do Ipiranga,5.99
Pão Francês,7891234560072,Comidas,Kg,Mercado Municipal de Pinheiros,22.2
Pão Francês,7891234560072,Comidas,Kg,Mercado Municipal do Ipiranga,25.98
Café Torrado e Moído,7891234560058,Comidas,500 g,Lopes Supermercados,18.4
Água Sanitária,7896543210083,Higiene,1 L,Mercado Municipal de Pinheiros,6
Laranja Pêra,7891234560126,Comidas,Kg,Mercado Municipal de Pinheiros,6.51
Arroz (Pacote),7891234560010,Comidas,5 kg,Mercado Municipal da Lapa,43.18
Carne Bovina (Acém),7891234560089,Comidas,Kg,Carrefour Hipermercado,44.69
Álcool Líquido/Gel,7896543210120,Higiene,500 ml,Sonda Supermercados,10.56
Carne Bovina (Acém),7891234560089,Comidas,Kg,Andorinha Hipermercado,40.99
Detergente Líquido,7896543210052,Higiene,500 ml,Supermercados Kaçula,2.67
Sabonete em barra,7896543210014,Higiene,Kit 5x90g,Roldão Atacadista,35.94
Óleo de Soja,7891234560034,Comidas,900 ml,Feira da Madrugada do Brás,9.33
Absorvente Higiênico,7896543210137,Higiene,Pacote,Roldão Atacadista,10.53
Café Torrado e Moído,7891234560058,Comidas,500 g,Sonda Supermercados,20.4
Margarina,7891234560157,Comidas,500 g,Mercado Municipal do Ipiranga,10.92
Tábua de Corte,7899876540040,Utensílios de Cozinha,Unidade,Atacadão,30.49
Massa de Macarrão,7891234560164,Comidas,500 g,Carrefour Hipermercado,4.57
Iogurte Natural,7891234560188,Comidas,170 g,Mercado Municipal da Lapa,4.3
Leite Integral UHT,7891234560065,Comidas,1 L,Supermercados Negreiros,7.13
Shampoo,7896543210021,Higiene,300 ml,Mercado Municipal de Pinheiros,21.76
Lã de Aço/Palha de Aço,7896543210106,Higiene,Pacote,Assaí Atacadista,4.82
Açúcar Refinado,7891234560041,Comidas,1 kg,Mercado Municipal da Lapa,5.69
Queijo Muçarela (Fatiado),7891234560195,Comidas,100 g,Tenda Atacado,10.33
Sabão em Pó,7896543210113,Higiene,Kg,Mercado Municipal de Pinheiros,17.44
Escova de Dentes,7896543210090,Higiene,Unidade,Supermercados Kaçula,11.83
Feijão Carioca (Pacote),7891234560027,Comidas,1 kg,Roldão Atacadista,6.68
Café Torrado e Moído,7891234560058,Comidas,500 g,D'avó Supermercados,20.39
Papel Higiênico (Pacote),7896543210045,Higiene,12 rolos,Giga Atacado,24.44
Carne Bovina (Acém),7891234560089,Comidas,Kg,Feira da Madrugada do Brás,41
Creme Dental,7896543210038,Higiene,90 g,Mercado Municipal do Ipiranga,8.34
Massa de Macarrão,7891234560164,Comidas,500 g,Supermercados Negreiros,4.78
Açúcar Refinado,7891234560041,Comidas,1 kg,Feira da Madrugada do Brás,6.25
Carne Bovina (Acém),7891234560089,Comidas,Kg,Supermercados Negreiros,41.98
Liquidificador,7899876540026,Utensílios de Cozinha,Unidade,Atacadão,169.32
Suco Concentrado (Laranja),7891234560171,Comidas,500 ml,Giga Atacado,15.45
Detergente Líquido,7896543210052,Higiene,500 ml,Carrefour Hipermercado,2.9
Margarina,7891234560157,Comidas,500 g,Mercado Municipal de Pinheiros,10.64
Tábua de Corte,7899876540040,Utensílios de Cozinha,Unidade,Bergamini,33.03
Ovos Brancos (Dúzia),7891234560102,Comidas,Dúzia,Lopes Supermercados,16.83
Banana Nanica,7891234560119,Comidas,Kg,Mercado Municipal de Pinheiros,9.22
Escova de Dentes,7896543210090,Higiene,Unidade,Andorinha Hipermercado,8.48
Iogurte Natural,7891234560188,Comidas,170 g,Feira da Madrugada do Brás,4.9
Ovos Brancos (Dúzia),7891234560102,Comidas,Dúzia,D'avó Supermercados,14.99
Álcool Líquido/Gel,7896543210120,Higiene,500 ml,Supermercados Kaçula,10.38
Água Sanitária,7896543210083,Higiene,1 L,Mercado Municipal do Ipiranga,4.3
Pimenta do Reino (Moída),7891234560201,Comidas,50 g,Assaí Atacadista,14.96
Ovos Brancos (Dúzia),7891234560102,Comidas,Dúzia,Sonda Supermercados,17.34
Condicionador,7896543210144,Higiene,200 ml,Mercado Municipal da Lapa,16.13
Arroz (Pacote),7891234560010,Comidas,5 kg,Feira da Madrugada do Brás,40.19
Banana Nanica,7891234560119,Comidas,Kg,Mercado Municipal do Ipiranga,11.13
Desinfetante,7896543210076,Higiene,1 L,Mercado Municipal do Ipiranga,14.13
Lã de Aço/Palha de Aço,7896543210106,Higiene,Pacote,Roldão Atacadista,4.99
Pimenta do Reino (Moída),7891234560201,Comidas,50 g,Roldão Atacadista,12.5
Condicionador,7896543210144,Higiene,200 ml,Feira da Madrugada do Brás,15.38
Papel Higiênico (Pacote),7896543210045,Higiene,12 rolos,Tenda Atacado,26.04
Liquidificador,7899876540026,Utensílios de Cozinha,Unidade,Bergamini,192.64
Absorvente Higiênico,7896543210137,Higiene,Pacote,Sonda Supermercados,10.37
Feijão Carioca (Pacote),7891234560027,Comidas,1 kg,D'avó Supermercados,6.67
Absorvente Higiênico,7896543210137,Higiene,Pacote,D'avó Supermercados,13.72
Creme Dental,7896543210038,Higiene,90 g,Mercado Municipal de Pinheiros,8.95
Queijo Muçarela (Fatiado),7891234560195,Comidas,100 g,Assaí Atacadista,7.74
Ovos Brancos (Dúzia),7891234560102,Comidas,Dúzia,Supermercados Kaçula,14.77
Café Torrado e Moído,7891234560058,Comidas,500 g,Supermercados Kaçula,23.24
Suco Concentrado (Laranja),7891234560171,Comidas,500 ml,Tenda Atacado,12.75
Escova de Dentes,7896543210090,Higiene,Unidade,Carrefour Hipermercado,11.97
Feijão Carioca (Pacote),7891234560027,Comidas,1 kg,Lopes Supermercados,6.94
Sabão em Pó,7896543210113,Higiene,Kg,Extra Hiper (lojas remanescentes),15.3
Absorvente Higiênico,7896543210137,Higiene,Pacote,Lopes Supermercados,14.37
Sabonete em barra,7896543210014,Higiene,Kit 5x90g,Sonda Supermercados,28.38
Sabonete em barra,7896543210014,Higiene,Kit 5x90g,Lopes Supermercados,31.53
Sabonete em barra,7896543210014,Higiene,Kit 5x90g,D'avó Supermercados,25.73
Feijão Carioca (Pacote),7891234560027,Comidas,1 kg,Sonda Supermercados,8.64
Detergente Líquido,7896543210052,Higiene,500 ml,Andorinha Hipermercado,3.09
Frango (Peito),7891234560096,Comidas,Kg,Mercado Municipal do Ipiranga,26.42
Desinfetante,7896543210076,Higiene,1 L,Mercado Municipal de Pinheiros,13.48
Leite Integral UHT,7891234560065,Comidas,1 L,Mercado Municipal da Lapa,5.96
Lã de Aço/Palha de Aço,7896543210106,Higiene,Pacote,Sonda Supermercados,5.03
Óleo de Soja,7891234560034,Comidas,900 ml,Mercado Municipal do Ipiranga,7.24
Álcool Líquido/Gel,7896543210120,Higiene,500 ml,Carrefour Hipermercado,10.25
Frango (Peito),7891234560096,Comidas,Kg,Extra Hiper (lojas remanescentes),24
Escova de Dentes,7896543210090,Higiene,Unidade,Supermercados Negreiros,11.71
Pão Francês,7891234560072,Comidas,Kg,Extra Hiper (lojas remanescentes),24.31
Laranja Pêra,7891234560126,Comidas,Kg,Extra Hiper (lojas remanescentes),5.07
Margarina,7891234560157,Comidas,500 g,Extra Hiper (lojas remanescentes),8.33
Frango (Peito),7891234560096,Comidas,Kg,Mercado Municipal de Pinheiros,23.57
Detergente Líquido,7896543210052,Higiene,500 ml,Supermercados Negreiros,2.55
Pano de Limpeza Multiuso,7896543210069,Higiene,Unidade,Assaí Atacadista,4.29
Carne Bovina (Acém),7891234560089,Comidas,Kg,Mercado Municipal da Lapa,36.56
Pano de Limpeza Multiuso,7896543210069,Higiene,Unidade,Sonda Supermercados,4
Feijão Carioca (Pacote),7891234560027,Comidas,1 kg,Supermercados Kaçula,8.84
Lã de Aço/Palha de Aço,7896543210106,Higiene,Pacote,Lopes Supermercados,4.92
Leite Integral UHT,7891234560065,Comidas,1 L,Feira da Madrugada do Brás,5.52
Lã de Aço/Palha de Aço,7896543210106,Higiene,Pacote,D'avó Supermercados,4.55
Shampoo,7896543210021,Higiene,300 ml,Extra Hiper (lojas remanescentes),15.78
Queijo Muçarela (Fatiado),7891234560195,Comidas,100 g,Roldão Atacadista,8.87
Massa de Macarrão,7891234560164,Comidas,500 g,Mercado Municipal da Lapa,6.39
Álcool Líquido/Gel,7896543210120,Higiene,500 ml,Andorinha Hipermercado,10.29
Sabonete em barra,7896543210014,Higiene,Kit 5x90g,Supermercados Kaçula,25.65
Absorvente Higiênico,7896543210137,Higiene,Pacote,Supermercados Kaçula,14.86
Pano de Limpeza Multiuso,7896543210069,Higiene,Unidade,Roldão Atacadista,5.22
Pimenta do Reino (Moída),7891234560201,Comidas,50 g,Sonda Supermercados,10.76
Condicionador,7896543210144,Higiene,200 ml,Mercado Municipal do Ipiranga,20.5
Açúcar Refinado,7891234560041,Comidas,1 kg,Mercado Municipal do Ipiranga,6.59
Arroz (Pacote),7891234560010,Comidas,5 kg,Mercado Municipal do Ipiranga,45.51
Álcool Líquido/Gel,7896543210120,Higiene,500 ml,Supermercados Negreiros,11.23
Café Torrado e Moído,7891234560058,Comidas,500 g,Carrefour Hipermercado,25.77
Cebola,7891234560140,Comidas,Kg,Mercado Municipal de São Paulo (Mercadão),6.4
Pimenta do Reino (Moída),7891234560201,Comidas,50 g,Lopes Supermercados,13.67
Arroz (Pacote),7891234560010,Comidas,5 kg,Mercado Municipal de Pinheiros,44.3
Ovos Brancos (Dúzia),7891234560102,Comidas,Dúzia,Carrefour Hipermercado,15.87
Pimenta do Reino (Moída),7891234560201,Comidas,50 g,D'avó Supermercados,13.57
Lã de Aço/Palha de Aço,7896543210106,Higiene,Pacote,Supermercados Kaçula,3.87
Massa de Macarrão,7891234560164,Comidas,500 g,Feira da Madrugada do Brás,5.87
Ovos Brancos (Dúzia),7891234560102,Comidas,Dúzia,Andorinha Hipermercado,15.34
Tábua de Corte,7899876540040,Utensílios de Cozinha,Unidade,Giga Atacado,30.05
Ovos Brancos (Dúzia),7891234560102,Comidas,Dúzia,Supermercados Negreiros,16.2
Banana Nanica,7891234560119,Comidas,Kg,Extra Hiper (lojas remanescentes),7.55
Café Torrado e Moído,7891234560058,Comidas,500 g,Andorinha Hipermercado,23.19
Feijão Carioca (Pacote),7891234560027,Comidas,1 kg,Andorinha Hipermercado,9.18
Desinfetante,7896543210076,Higiene,1 L,Extra Hiper (lojas remanescentes),11.38
Café Torrado e Moído,7891234560058,Comidas,500 g,Supermercados Negreiros,18.32
Pimenta do Reino (Moída),7891234560201,Comidas,50 g,Supermercados Kaçula,11.28
Sabonete em barra,7896543210014,Higiene,Kit 5x90g,Carrefour Hipermercado,37.25
Sabonete em barra,7896543210014,Higiene,Kit 5x90g,Andorinha Hipermercado,32.72
Queijo Muçarela (Fatiado),7891234560195,Comidas,100 g,D'avó Supermercados,8.09
Detergente Líquido,7896543210052,Higiene,500 ml,Mercado Municipal da Lapa,3.64
Queijo Muçarela (Fatiado),7891234560195,Comidas,100 g,Sonda Supermercados,9.32
Escova de Dentes,7896543210090,Higiene,Unidade,Mercado Municipal da Lapa,11.89
Creme Dental,7896543210038,Higiene,90 g,Extra Hiper (lojas remanescentes),6.69
Iogurte Natural,7891234560188,Comidas,170 g,Mercado Municipal do Ipiranga,3.51
Papel Higiênico (Pacote),7896543210045,Higiene,12 rolos,Assaí Atacadista,20.75
Absorvente Higiênico,7896543210137,Higiene,Pacote,Carrefour Hipermercado,10.78
Liquidificador,7899876540026,Utensílios de Cozinha,Unidade,Giga Atacado,217.32
Absorvente Higiênico,7896543210137,Higiene,Pacote,Andorinha Hipermercado,12.25
Feijão Carioca (Pacote),7891234560027,Comidas,1 kg,Carrefour Hipermercado,8.89
Queijo Muçarela (Fatiado),7891234560195,Comidas,100 g,Lopes Supermercados,9.57
Açúcar Refinado,7891234560041,Comidas,1 kg,Mercado Municipal de Pinheiros,7.54
Óleo de Soja,7891234560034,Comidas,900 ml,Mercado Municipal de Pinheiros,10.25
Suco Concentrado (Laranja),7891234560171,Comidas,500 ml,Assaí Atacadista,14.09
Tábua de Corte,7899876540040,Utensílios de Cozinha,Unidade,Tenda Atacado,38.89
Álcool Líquido/Gel,7896543210120,Higiene,500 ml,Mercado Municipal da Lapa,11.56
Lã de Aço/Palha de Aço,7896543210106,Higiene,Pacote,Andorinha Hipermercado,4.32
Tomate,7891234560133,Comidas,Kg,Mercado Municipal de São Paulo (Mercadão),10.27
Condicionador,7896543210144,Higiene,200 ml,Mercado Municipal de Pinheiros,19.97
Queijo Muçarela (Fatiado),7891234560195,Comidas,100 g,Supermercados Kaçula,8.18
Absorvente Higiênico,7896543210137,Higiene,Pacote,Supermercados Negreiros,11.62
Água Sanitária,7896543210083,Higiene,1 L,Extra Hiper (lojas remanescentes),5.03
Feijão Carioca (Pacote),7891234560027,Comidas,1 kg,Supermercados Negreiros,9.72
Pano de Limpeza Multiuso,7896543210069,Higiene,Unidade,Lopes Supermercados,5.93
Iogurte Natural,7891234560188,Comidas,170 g,Mercado Municipal de Pinheiros,4.26
Liquidificador,7899876540026,Utensílios de Cozinha,Unidade,Tenda Atacado,220.26
Leite Integral UHT,7891234560065,Comidas,1 L,Mercado Municipal de Pinheiros,5.8
Papel Higiênico (Pacote),7896543210045,Higiene,12 rolos,Roldão Atacadista,19.48
Leite Integral UHT,7891234560065,Comidas,1 L,Mercado Municipal do Ipiranga,6.43
Lã de Aço/Palha de Aço,7896543210106,Higiene,Pacote,Carrefour Hipermercado,4.77
Pano de Limpeza Multiuso,7896543210069,Higiene,Unidade,D'avó Supermercados,5.75
Suco Concentrado (Laranja),7891234560171,Comidas,500 ml,Roldão Atacadista,16.75
Sabonete em barra,7896543210014,Higiene,Kit 5x90g,Supermercados Negreiros,33.44
Detergente Líquido,7896543210052,Higiene,500 ml,Feira da Madrugada do Brás,3.36
Escova de Dentes,7896543210090,Higiene,Unidade,Feira da Madrugada do Brás,10.33
Álcool Líquido/Gel,7896543210120,Higiene,500 ml,Feira da Madrugada do Brás,10.79
Pimenta do Reino (Moída),7891234560201,Comidas,50 g,Andorinha Hipermercado,13.56
Massa de Macarrão,7891234560164,Comidas,500 g,Mercado Municipal do Ipiranga,5.96
Ovos Brancos (Dúzia),7891234560102,Comidas,Dúzia,Mercado Municipal da Lapa,16.78
Óleo de Soja,7891234560034,Comidas,900 ml,Extra Hiper (lojas remanescentes),9.81
Carne Bovina (Acém),7891234560089,Comidas,Kg,Mercado Municipal do Ipiranga,43.57
Café Torrado e Moído,7891234560058,Comidas,500 g,Feira da Madrugada do Brás,18.5
Pimenta do Reino (Moída),7891234560201,Comidas,50 g,Carrefour Hipermercado,13.68
Lã de Aço/Palha de Aço,7896543210106,Higiene,Pacote,Supermercados Negreiros,4.65
Pano de Limpeza Multiuso,7896543210069,Higiene,Unidade,Supermercados Kaçula,5.78
Café Torrado e Moído,7891234560058,Comidas,500 g,Mercado Municipal da Lapa,21.45
Papel Higiênico (Pacote),7896543210045,Higiene,12 rolos,D'avó Supermercados,24.47
Carne Bovina (Acém),7891234560089,Comidas,Kg,Mercado Municipal de Pinheiros,50.06
Concha de Feijão (Inox),7899876540064,Utensílios de Cozinha,Unidade,Atacadão,22.1
Arroz (Pacote),7891234560010,Comidas,5 kg,Extra Hiper (lojas remanescentes),48.49
Colher de Arroz (Inox),7899876540057,Utensílios de Cozinha,Unidade,Atacadão,20.46
Queijo Muçarela (Fatiado),7891234560195,Comidas,100 g,Carrefour Hipermercado,7.25
Suco Concentrado (Laranja),7891234560171,Comidas,500 ml,Sonda Supermercados,12.56
Papel Higiênico (Pacote),7896543210045,Higiene,12 rolos,Lopes Supermercados,24.96
Papel Higiênico (Pacote),7896543210045,Higiene,12 rolos,Sonda Supermercados,20.23
Massa de Macarrão,7891234560164,Comidas,500 g,Mercado Municipal de Pinheiros,6.52
Sabonete em barra,7896543210014,Higiene,Kit 5x90g,Mercado Municipal da Lapa,25.24
Absorvente Higiênico,7896543210137,Higiene,Pacote,Mercado Municipal da Lapa,12.62
Tábua de Corte,7899876540040,Utensílios de Cozinha,Unidade,Assaí Atacadista,33.74
Ovos Brancos (Dúzia),7891234560102,Comidas,Dúzia,Feira da Madrugada do Brás,16.15
Escova de Dentes,7896543210090,Higiene,Unidade,Mercado Municipal do Ipiranga,10.9
Escova de Dentes,7896543210090,Higiene,Unidade,Mercado Municipal de Pinheiros,8.9
Suco Concentrado (Laranja),7891234560171,Comidas,500 ml,Lopes Supermercados,15.99
Feijão Carioca (Pacote),7891234560027,Comidas,1 kg,Mercado Municipal da Lapa,7.34
Colher de Arroz (Inox),7899876540057,Utensílios de Cozinha,Unidade,Bergamini,19.6
Queijo Muçarela (Fatiado),7891234560195,Comidas,100 g,Andorinha Hipermercado,7.83
Iogurte Natural,7891234560188,Comidas,170 g,Extra Hiper (lojas remanescentes),5.1
Lã de Aço/Palha de Aço,7896543210106,Higiene,Pacote,Mercado Municipal da Lapa,3.6
Suco Concentrado (Laranja),7891234560171,Comidas,500 ml,D'avó Supermercados,15.22
Pimenta do Reino (Moída),7891234560201,Comidas,50 g,Supermercados Negreiros,10.23
Açúcar Refinado,7891234560041,Comidas,1 kg,Extra Hiper (lojas remanescentes),8.03
Condicionador,7896543210144,Higiene,200 ml,Extra Hiper (lojas remanescentes),17.59
Queijo Muçarela (Fatiado),7891234560195,Comidas,100 g,Supermercados Negreiros,8.51
Pano de Limpeza Multiuso,7896543210069,Higiene,Unidade,Andorinha Hipermercado,4.54
Tábua de Corte,7899876540040,Utensílios de Cozinha,Unidade,Roldão Atacadista,32.05
Feijão Carioca (Pacote),7891234560027,Comidas,1 kg,Feira da Madrugada do Brás,7.93
Papel Higiênico (Pacote),7896543210045,Higiene,12 rolos,Supermercados Kaçula,23.34
Liquidificador,7899876540026,Utensílios de Cozinha,Unidade,Assaí Atacadista,163.48
Sabonete em barra,7896543210014,Higiene,Kit 5x90g,Feira da Madrugada do Brás,35.73
Suco Concentrado (Laranja),7891234560171,Comidas,500 ml,Supermercados Kaçula,16.98
Cebola,7891234560140,Comidas,Kg,"Rede Sacolão (Ex: Sacolão da Fartura, etc.)",8.21
Lã de Aço/Palha de Aço,7896543210106,Higiene,Pacote,Feira da Madrugada do Brás,4.2
Pano de Limpeza Multiuso,7896543210069,Higiene,Unidade,Carrefour Hipermercado,4.67
Tomate,7891234560133,Comidas,Kg,"Rede Sacolão (Ex: Sacolão da Fartura, etc.)",9.89
Jogo de Panelas (5 peças),7899876540019,Utensílios de Cozinha,Jogo,Atacadão,290.75
Detergente Líquido,7896543210052,Higiene,500 ml,Mercado Municipal do Ipiranga,3.19
Absorvente Higiênico,7896543210137,Higiene,Pacote,Feira da Madrugada do Brás,10.29
Álcool Líquido/Gel,7896543210120,Higiene,500 ml,Mercado Municipal do Ipiranga,8.33
Pano de Limpeza Multiuso,7896543210069,Higiene,Unidade,Supermercados Negreiros,5.5
Liquidificador,7899876540026,Utensílios de Cozinha,Unidade,Roldão Atacadista,192.49
Álcool Líquido/Gel,7896543210120,Higiene,500 ml,Mercado Municipal de Pinheiros,8.06
Concha de Feijão (Inox),7899876540064,Utensílios de Cozinha,Unidade,Bergamini,22.46
Pimenta do Reino (Moída),7891234560201,Comidas,50 g,Mercado Municipal da Lapa,14.45
Detergente Líquido,7896543210052,Higiene,500 ml,Mercado Municipal de Pinheiros,2.82
Jogo de Panelas (5 peças),7899876540019,Utensílios de Cozinha,Jogo,Bergamini,289.04
Shampoo,7896543210021,Higiene,300 ml,Mercado Municipal de São Paulo (Mercadão),19.6
Massa de Macarrão,7891234560164,Comidas,500 g,Extra Hiper (lojas remanescentes),5.8
Leite Integral UHT,7891234560065,Comidas,1 L,Extra Hiper (lojas remanescentes),5.12
Café Torrado e Moído,7891234560058,Comidas,500 g,Mercado Municipal do Ipiranga,24.6
Tábua de Corte,7899876540040,Utensílios de Cozinha,Unidade,D'avó Supermercados,44.33
Tábua de Corte,7899876540040,Utensílios de Cozinha,Unidade,Lopes Supermercados,35.36
Sabão em Pó,7896543210113,Higiene,Kg,Mercado Municipal de São Paulo (Mercadão),19.73
Tábua de Corte,7899876540040,Utensílios de Cozinha,Unidade,Sonda Supermercados,33.23
Pimenta do Reino (Moída),7891234560201,Comidas,50 g,Feira da Madrugada do Brás,10.67
Papel Higiênico (Pacote),7896543210045,Higiene,12 rolos,Carrefour Hipermercado,24.12
Laranja Pêra,7891234560126,Comidas,Kg,Mercado Municipal de São Paulo (Mercadão),6.15
Suco Concentrado (Laranja),7891234560171,Comidas,500 ml,Carrefour Hipermercado,14.26
Suco Concentrado (Laranja),7891234560171,Comidas,500 ml,Andorinha Hipermercado,12.87
Feijão Carioca (Pacote),7891234560027,Comidas,1 kg,Mercado Municipal do Ipiranga,9.6
Ovos Brancos (Dúzia),7891234560102,Comidas,Dúzia,Mercado Municipal do Ipiranga,15.42
Carne Bovina (Acém),7891234560089,Comidas,Kg,Extra Hiper (lojas remanescentes),34.49
Pão Francês,7891234560072,Comidas,Kg,Mercado Municipal de São Paulo (Mercadão),23.19
Papel Higiênico (Pacote),7896543210045,Higiene,12 rolos,Andorinha Hipermercado,18.21
Ovos Brancos (Dúzia),7891234560102,Comidas,Dúzia,Mercado Municipal de Pinheiros,12.36
Sabonete em barra,7896543210014,Higiene,Kit 5x90g,Mercado Municipal do Ipiranga,25.06
Colher de Arroz (Inox),7899876540057,Utensílios de Cozinha,Unidade,Giga Atacado,19.68
Café Torrado e Moído,7891234560058,Comidas,500 g,Mercado Municipal de Pinheiros,26.35
Liquidificador,7899876540026,Utensílios de Cozinha,Unidade,D'avó Supermercados,215.98
Queijo Muçarela (Fatiado),7891234560195,Comidas,100 g,Mercado Municipal da Lapa,10.06
Liquidificador,7899876540026,Utensílios de Cozinha,Unidade,Sonda Supermercados,187.85
Queijo Muçarela (Fatiado),7891234560195,Comidas,100 g,Feira da Madrugada do Brás,8.38
Suco Concentrado (Laranja),7891234560171,Comidas,500 ml,Supermercados Negreiros,17.32
Absorvente Higiênico,7896543210137,Higiene,Pacote,Mercado Municipal do Ipiranga,10.86
Margarina,7891234560157,Comidas,500 g,Mercado Municipal de São Paulo (Mercadão),10.85
Banana Nanica,7891234560119,Comidas,Kg,Mercado Municipal de São Paulo (Mercadão),9.17
Liquidificador,7899876540026,Utensílios de Cozinha,Unidade,Lopes Supermercados,216.24
Papel Higiênico (Pacote),7896543210045,Higiene,12 rolos,Supermercados Negreiros,24.54
Liquidificador,7899876540026,Utensílios de Cozinha,Unidade,Supermercados Kaçula,190.3
Pano de Limpeza Multiuso,7896543210069,Higiene,Unidade,Mercado Municipal da Lapa,5.78
Tábua de Corte,7899876540040,Utensílios de Cozinha,Unidade,Supermercados Kaçula,41.75
Absorvente Higiênico,7896543210137,Higiene,Pacote,Mercado Municipal de Pinheiros,13.75
Desinfetante,7896543210076,Higiene,1 L,Mercado Municipal de São Paulo (Mercadão),16.47
Pano de Limpeza Multiuso,7896543210069,Higiene,Unidade,Feira da Madrugada do Brás,4.12
Sabonete em barra,7896543210014,Higiene,Kit 5x90g,Mercado Municipal de Pinheiros,37.07
Colher de Arroz (Inox),7899876540057,Utensílios de Cozinha,Unidade,Tenda Atacado,19.32
Álcool Líquido/Gel,7896543210120,Higiene,500 ml,Extra Hiper (lojas remanescentes),9.59
Feijão Carioca (Pacote),7891234560027,Comidas,1 kg,Mercado Municipal de Pinheiros,9.34
Jogo de Panelas (5 peças),7899876540019,Utensílios de Cozinha,Jogo,Giga Atacado,264.87
Creme Dental,7896543210038,Higiene,90 g,Mercado Municipal de São Paulo (Mercadão),8.91
Detergente Líquido,7896543210052,Higiene,500 ml,Extra Hiper (lojas remanescentes),3.58
Suco Concentrado (Laranja),7891234560171,Comidas,500 ml,Mercado Municipal da Lapa,14.7
Escova de Dentes,7896543210090,Higiene,Unidade,Extra Hiper (lojas remanescentes),11.98
Lã de Aço/Palha de Aço,7896543210106,Higiene,Pacote,Mercado Municipal do Ipiranga,4.06
Concha de Feijão (Inox),7899876540064,Utensílios de Cozinha,Unidade,Giga Atacado,19.36
Jogo de Panelas (5 peças),7899876540019,Utensílios de Cozinha,Jogo,Tenda Atacado,369.64
Concha de Feijão (Inox),7899876540064,Utensílios de Cozinha,Unidade,Tenda Atacado,21.95
Frango (Peito),7891234560096,Comidas,Kg,Mercado Municipal de São Paulo (Mercadão),23.54
Tábua de Corte,7899876540040,Utensílios de Cozinha,Unidade,Carrefour Hipermercado,44.57
Papel Higiênico (Pacote),7896543210045,Higiene,12 rolos,Mercado Municipal da Lapa,19.63
Pimenta do Reino (Moída),7891234560201,Comidas,50 g,Mercado Municipal do Ipiranga,11.35
Tábua de Corte,7899876540040,Utensílios de Cozinha,Unidade,Andorinha Hipermercado,33.88
Água Sanitária,7896543210083,Higiene,1 L,Mercado Municipal de São Paulo (Mercadão),5.15
"Faca de Cozinha (Chef 8"")",7899876540033,Utensílios de Cozinha,Unidade,Atacadão,59.13
Laranja Pêra,7891234560126,Comidas,Kg,"Rede Sacolão (Ex: Sacolão da Fartura, etc.)",5.2
Lã de Aço/Palha de Aço,7896543210106,Higiene,Pacote,Mercado Municipal de Pinheiros,4.98
Margarina,7891234560157,Comidas,500 g,"Rede Sacolão (Ex: Sacolão da Fartura, etc.)",8.43
Suco Concentrado (Laranja),7891234560171,Comidas,500 ml,Feira da Madrugada do Brás,17.76
Ovos Brancos (Dúzia),7891234560102,Comidas,Dúzia,Extra Hiper (lojas remanescentes),13.91
Pão Francês,7891234560072,Comidas,Kg,"Rede Sacolão (Ex: Sacolão da Fartura, etc.)",29.56
Café Torrado e Moído,7891234560058,Comidas,500 g,Extra Hiper (lojas remanescentes),26.98
Sabão em Pó,7896543210113,Higiene,Kg,"Rede Sacolão (Ex: Sacolão da Fartura, etc.)",15.88
Papel Higiênico (Pacote),7896543210045,Higiene,12 rolos,Feira da Madrugada do Brás,18.83
Shampoo,7896543210021,Higiene,300 ml,"Rede Sacolão (Ex: Sacolão da Fartura, etc.)",20.92
Colher de Arroz (Inox),7899876540057,Utensílios de Cozinha,Unidade,Assaí Atacadista,21.8
Liquidificador,7899876540026,Utensílios de Cozinha,Unidade,Supermercados Negreiros,161.2
Óleo de Soja,7891234560034,Comidas,900 ml,Mercado Municipal de São Paulo (Mercadão),9.38
Pimenta do Reino (Moída),7891234560201,Comidas,50 g,Mercado Municipal de Pinheiros,10.56
Liquidificador,7899876540026,Utensílios de Cozinha,Unidade,Andorinha Hipermercado,199.38
Tábua de Corte,7899876540040,Utensílios de Cozinha,Unidade,Supermercados Negreiros,31.13
Açúcar Refinado,7891234560041,Comidas,1 kg,Mercado Municipal de São Paulo (Mercadão),7.9
"Faca de Cozinha (Chef 8"")",7899876540033,Utensílios de Cozinha,Unidade,Bergamini,49.75
Queijo Muçarela (Fatiado),7891234560195,Comidas,100 g,Mercado Municipal do Ipiranga,8.46
Liquidificador,7899876540026,Utensílios de Cozinha,Unidade,Carrefour Hipermercado,192.45
Arroz (Pacote),7891234560010,Comidas,5 kg,Mercado Municipal de São Paulo (Mercadão),56.67
Banana Nanica,7891234560119,Comidas,Kg,"Rede Sacolão (Ex: Sacolão da Fartura, etc.)",8.96
Colher de Arroz (Inox),7899876540057,Utensílios de Cozinha,Unidade,Lopes Supermercados,16
Feijão Carioca (Pacote),7891234560027,Comidas,1 kg,Extra Hiper (lojas remanescentes),9.71
Absorvente Higiênico,7896543210137,Higiene,Pacote,Extra Hiper (lojas remanescentes),13.71
Sabonete em barra,7896543210014,Higiene,Kit 5x90g,Extra Hiper (lojas remanescentes),25.53
Pano de Limpeza Multiuso,7896543210069,Higiene,Unidade,Mercado Municipal do Ipiranga,4.78
Pano de Limpeza Multiuso,7896543210069,Higiene,Unidade,Mercado Municipal de Pinheiros,4.5
Jogo de Panelas (5 peças),7899876540019,Utensílios de Cozinha,Jogo,Assaí Atacadista,361.4
Concha de Feijão (Inox),7899876540064,Utensílios de Cozinha,Unidade,Assaí Atacadista,15.24
Jogo de Panelas (5 peças),7899876540019,Utensílios de Cozinha,Jogo,Roldão Atacadista,341.4
Colher de Arroz (Inox),7899876540057,Utensílios de Cozinha,Unidade,Roldão Atacadista,19.15
Lã de Aço/Palha de Aço,7896543210106,Higiene,Pacote,Extra Hiper (lojas remanescentes),3.68
Condicionador,7896543210144,Higiene,200 ml,Mercado Municipal de São Paulo (Mercadão),17.45
Tábua de Corte,7899876540040,Utensílios de Cozinha,Unidade,Mercado Municipal da Lapa,43.43
Queijo Muçarela (Fatiado),7891234560195,Comidas,100 g,Mercado Municipal de Pinheiros,10.31
Creme Dental,7896543210038,Higiene,90 g,"Rede Sacolão (Ex: Sacolão da Fartura, etc.)",8.75
Iogurte Natural,7891234560188,Comidas,170 g,Mercado Municipal de São Paulo (Mercadão),4.04
Desinfetante,7896543210076,Higiene,1 L,"Rede Sacolão (Ex: Sacolão da Fartura, etc.)",11.77
Tábua de Corte,7899876540040,Utensílios de Cozinha,Unidade,Feira da Madrugada do Brás,39.74
Pimenta do Reino (Moída),7891234560201,Comidas,50 g,Extra Hiper (lojas remanescentes),12.18
Leite Integral UHT,7891234560065,Comidas,1 L,Mercado Municipal de São Paulo (Mercadão),5.61
Papel Higiênico (Pacote),7896543210045,Higiene,12 rolos,Mercado Municipal do Ipiranga,19.71
Concha de Feijão (Inox),7899876540064,Utensílios de Cozinha,Unidade,Roldão Atacadista,21.48
"Faca de Cozinha (Chef 8"")",7899876540033,Utensílios de Cozinha,Unidade,Giga Atacado,50.67
Suco Concentrado (Laranja),7891234560171,Comidas,500 ml,Mercado Municipal do Ipiranga,16.93
Liquidificador,7899876540026,Utensílios de Cozinha,Unidade,Mercado Municipal da Lapa,164.25
Frango (Peito),7891234560096,Comidas,Kg,"Rede Sacolão (Ex: Sacolão da Fartura, etc.)",24.44
Água Sanitária,7896543210083,Higiene,1 L,"Rede Sacolão (Ex: Sacolão da Fartura, etc.)",4.69
Carne Bovina (Acém),7891234560089,Comidas,Kg,Mercado Municipal de São Paulo (Mercadão),48.85
Jogo de Panelas (5 peças),7899876540019,Utensílios de Cozinha,Jogo,Lopes Supermercados,267.4
Suco Concentrado (Laranja),7891234560171,Comidas,500 ml,Mercado Municipal de Pinheiros,12.78
Colher de Arroz (Inox),7899876540057,Utensílios de Cozinha,Unidade,D'avó Supermercados,16.06
Colher de Arroz (Inox),7899876540057,Utensílios de Cozinha,Unidade,Sonda Supermercados,21.58
Óleo de Soja,7891234560034,Comidas,900 ml,"Rede Sacolão (Ex: Sacolão da Fartura, etc.)",7.62
Liquidificador,7899876540026,Utensílios de Cozinha,Unidade,Feira da Madrugada do Brás,179.46
Massa de Macarrão,7891234560164,Comidas,500 g,Mercado Municipal de São Paulo (Mercadão),6.47
Queijo Muçarela (Fatiado),7891234560195,Comidas,100 g,Extra Hiper (lojas remanescentes),8.21
Papel Higiênico (Pacote),7896543210045,Higiene,12 rolos,Mercado Municipal de Pinheiros,21.17
"Faca de Cozinha (Chef 8"")",7899876540033,Utensílios de Cozinha,Unidade,Tenda Atacado,45.73
Colher de Arroz (Inox),7899876540057,Utensílios de Cozinha,Unidade,Supermercados Kaçula,18.7
Arroz (Pacote),7891234560010,Comidas,5 kg,"Rede Sacolão (Ex: Sacolão da Fartura, etc.)",45.15
Concha de Feijão (Inox),7899876540064,Utensílios de Cozinha,Unidade,Lopes Supermercados,21.48
Jogo de Panelas (5 peças),7899876540019,Utensílios de Cozinha,Jogo,Sonda Supermercados,318.89
Açúcar Refinado,7891234560041,Comidas,1 kg,"Rede Sacolão (Ex: Sacolão da Fartura, etc.)",6.77
Pano de Limpeza Multiuso,7896543210069,Higiene,Unidade,Extra Hiper (lojas remanescentes),4.92
Concha de Feijão (Inox),7899876540064,Utensílios de Cozinha,Unidade,D'avó Supermercados,21.32
Jogo de Panelas (5 peças),7899876540019,Utensílios de Cozinha,Jogo,D'avó Supermercados,361.05
Concha de Feijão (Inox),7899876540064,Utensílios de Cozinha,Unidade,Sonda Supermercados,15.26
Colher de Arroz (Inox),7899876540057,Utensílios de Cozinha,Unidade,Carrefour Hipermercado,19.9
Escova de Dentes,7896543210090,Higiene,Unidade,Mercado Municipal de São Paulo (Mercadão),11.54
Álcool Líquido/Gel,7896543210120,Higiene,500 ml,Mercado Municipal de São Paulo (Mercadão),9.26
Condicionador,7896543210144,Higiene,200 ml,"Rede Sacolão (Ex: Sacolão da Fartura, etc.)",19.24
Iogurte Natural,7891234560188,Comidas,170 g,"Rede Sacolão (Ex: Sacolão da Fartura, etc.)",4.28
Jogo de Panelas (5 peças),7899876540019,Utensílios de Cozinha,Jogo,Supermercados Kaçula,358.68
Concha de Feijão (Inox),7899876540064,Utensílios de Cozinha,Unidade,Supermercados Kaçula,19.43
Detergente Líquido,7896543210052,Higiene,500 ml,Mercado Municipal de São Paulo (Mercadão),2.98
Tábua de Corte,7899876540040,Utensílios de Cozinha,Unidade,Mercado Municipal do Ipiranga,31.71
Tábua de Corte,7899876540040,Utensílios de Cozinha,Unidade,Mercado Municipal de Pinheiros,30.99
Colher de Arroz (Inox),7899876540057,Utensílios de Cozinha,Unidade,Supermercados Negreiros,18.8
"Faca de Cozinha (Chef 8"")",7899876540033,Utensílios de Cozinha,Unidade,Sonda Supermercados,67
Leite Integral UHT,7891234560065,Comidas,1 L,"Rede Sacolão (Ex: Sacolão da Fartura, etc.)",6.02
Liquidificador,7899876540026,Utensílios de Cozinha,Unidade,Mercado Municipal do Ipiranga,211.53
Concha de Feijão (Inox),7899876540064,Utensílios de Cozinha,Unidade,Carrefour Hipermercado,15.3
"Faca de Cozinha (Chef 8"")",7899876540033,Utensílios de Cozinha,Unidade,Assaí Atacadista,49.84
Papel Higiênico (Pacote),7896543210045,Higiene,12 rolos,Extra Hiper (lojas remanescentes),21.68
Colher de Arroz (Inox),7899876540057,Utensílios de Cozinha,Unidade,Andorinha Hipermercado,18.12
Suco Concentrado (Laranja),7891234560171,Comidas,500 ml,Extra Hiper (lojas remanescentes),15.02
"Faca de Cozinha (Chef 8"")",7899876540033,Utensílios de Cozinha,Unidade,Roldão Atacadista,50.86
Concha de Feijão (Inox),7899876540064,Utensílios de Cozinha,Unidade,Andorinha Hipermercado,16.16
Massa de Macarrão,7891234560164,Comidas,500 g,"Rede Sacolão (Ex: Sacolão da Fartura, etc.)",4.68
Liquidificador,7899876540026,Utensílios de Cozinha,Unidade,Mercado Municipal de Pinheiros,189.67
Ovos Brancos (Dúzia),7891234560102,Comidas,Dúzia,Mercado Municipal de São Paulo (Mercadão),17.02
Café Torrado e Moído,7891234560058,Comidas,500 g,Mercado Municipal de São Paulo (Mercadão),23.53
Carne Bovina (Acém),7891234560089,Comidas,Kg,"Rede Sacolão (Ex: Sacolão da Fartura, etc.)",45.18
Jogo de Panelas (5 peças),7899876540019,Utensílios de Cozinha,Jogo,Carrefour Hipermercado,359.37
Jogo de Panelas (5 peças),7899876540019,Utensílios de Cozinha,Jogo,Andorinha Hipermercado,269.32
Escova de Dentes,7896543210090,Higiene,Unidade,"Rede Sacolão (Ex: Sacolão da Fartura, etc.)",9.17
Feijão Carioca (Pacote),7891234560027,Comidas,1 kg,Mercado Municipal de São Paulo (Mercadão),7.16
Absorvente Higiênico,7896543210137,Higiene,Pacote,Mercado Municipal de São Paulo (Mercadão),10.48
Concha de Feijão (Inox),7899876540064,Utensílios de Cozinha,Unidade,Supermercados Negreiros,15.41
Colher de Arroz (Inox),7899876540057,Utensílios de Cozinha,Unidade,Mercado Municipal da Lapa,20.5
Jogo de Panelas (5 peças),7899876540019,Utensílios de Cozinha,Jogo,Supermercados Negreiros,304.29
Álcool Líquido/Gel,7896543210120,Higiene,500 ml,"Rede Sacolão (Ex: Sacolão da Fartura, etc.)",8.2
Sabonete em barra,7896543210014,Higiene,Kit 5x90g,Mercado Municipal de São Paulo (Mercadão),35.01
"Faca de Cozinha (Chef 8"")",7899876540033,Utensílios de Cozinha,Unidade,D'avó Supermercados,45.22
Tábua de Corte,7899876540040,Utensílios de Cozinha,Unidade,Extra Hiper (lojas remanescentes),38.61
Detergente Líquido,7896543210052,Higiene,500 ml,"Rede Sacolão (Ex: Sacolão da Fartura, etc.)",3.08
Lã de Aço/Palha de Aço,7896543210106,Higiene,Pacote,Mercado Municipal de São Paulo (Mercadão),4.03
Pimenta do Reino (Moída),7891234560201,Comidas,50 g,Mercado Municipal de São Paulo (Mercadão),14.1
"Faca de Cozinha (Chef 8"")",7899876540033,Utensílios de Cozinha,Unidade,Lopes Supermercados,51.91
Jogo de Panelas (5 peças),7899876540019,Utensílios de Cozinha,Jogo,Feira da Madrugada do Brás,362.6
Liquidificador,7899876540026,Utensílios de Cozinha,Unidade,Extra Hiper (lojas remanescentes),165.98
Colher de Arroz (Inox),7899876540057,Utensílios de Cozinha,Unidade,Feira da Madrugada do Brás,19.01
Concha de Feijão (Inox),7899876540064,Utensílios de Cozinha,Unidade,Mercado Municipal da Lapa,21.38
"Faca de Cozinha (Chef 8"")",7899876540033,Utensílios de Cozinha,Unidade,Supermercados Kaçula,45.16
Jogo de Panelas (5 peças),7899876540019,Utensílios de Cozinha,Jogo,Mercado Municipal da Lapa,364.78
Concha de Feijão (Inox),7899876540064,Utensílios de Cozinha,Unidade,Feira da Madrugada do Brás,22.23
Café Torrado e Moído,7891234560058,Comidas,500 g,"Rede Sacolão (Ex: Sacolão da Fartura, etc.)",23.33
Queijo Muçarela (Fatiado),7891234560195,Comidas,100 g,Mercado Municipal de São Paulo (Mercadão),8.92
Ovos Brancos (Dúzia),7891234560102,Comidas,Dúzia,"Rede Sacolão (Ex: Sacolão da Fartura, etc.)",12.61
Feijão Carioca (Pacote),7891234560027,Comidas,1 kg,"Rede Sacolão (Ex: Sacolão da Fartura, etc.)",7.75
Absorvente Higiênico,7896543210137,Higiene,Pacote,"Rede Sacolão (Ex: Sacolão da Fartura, etc.)",12.77
"Faca de Cozinha (Chef 8"")",7899876540033,Utensílios de Cozinha,Unidade,Andorinha Hipermercado,52.05
Pano de Limpeza Multiuso,7896543210069,Higiene,Unidade,Mercado Municipal de São Paulo (Mercadão),5.97
"Faca de Cozinha (Chef 8"")",7899876540033,Utensílios de Cozinha,Unidade,Carrefour Hipermercado,65.25
Sabonete em barra,7896543210014,Higiene,Kit 5x90g,"Rede Sacolão (Ex: Sacolão da Fartura, etc.)",25.34
Concha de Feijão (Inox),7899876540064,Utensílios de Cozinha,Unidade,Mercado Municipal do Ipiranga,22.4
Colher de Arroz (Inox),7899876540057,Utensílios de Cozinha,Unidade,Mercado Municipal do Ipiranga,15.56
Lã de Aço/Palha de Aço,7896543210106,Higiene,Pacote,"Rede Sacolão (Ex: Sacolão da Fartura, etc.)",4.46
"Faca de Cozinha (Chef 8"")",7899876540033,Utensílios de Cozinha,Unidade,Supermercados Negreiros,63.23
Queijo Muçarela (Fatiado),7891234560195,Comidas,100 g,"Rede Sacolão (Ex: Sacolão da Fartura, etc.)",7.5
Suco Concentrado (Laranja),7891234560171,Comidas,500 ml,Mercado Municipal de São Paulo (Mercadão),13.78
Papel Higiênico (Pacote),7896543210045,Higiene,12 rolos,Mercado Municipal de São Paulo (Mercadão),20.98
Jogo de Panelas (5 peças),7899876540019,Utensílios de Cozinha,Jogo,Mercado Municipal do Ipiranga,345.79
Concha de Feijão (Inox),7899876540064,Utensílios de Cozinha,Unidade,Mercado Municipal de Pinheiros,15.9
Pimenta do Reino (Moída),7891234560201,Comidas,50 g,"Rede Sacolão (Ex: Sacolão da Fartura, etc.)",14.72
Colher de Arroz (Inox),7899876540057,Utensílios de Cozinha,Unidade,Mercado Municipal de Pinheiros,16.28
Jogo de Panelas (5 peças),7899876540019,Utensílios de Cozinha,Jogo,Mercado Municipal de Pinheiros,330.94
"Faca de Cozinha (Chef 8"")",7899876540033,Utensílios de Cozinha,Unidade,Mercado Municipal da Lapa,45.07
Pano de Limpeza Multiuso,7896543210069,Higiene,Unidade,"Rede Sacolão (Ex: Sacolão da Fartura, etc.)",4.29
Colher de Arroz (Inox),7899876540057,Utensílios de Cozinha,Unidade,Extra Hiper (lojas remanescentes),22.2
"Faca de Cozinha (Chef 8"")",7899876540033,Utensílios de Cozinha,Unidade,Feira da Madrugada do Brás,62.28
Tábua de Corte,7899876540040,Utensílios de Cozinha,Unidade,Mercado Municipal de São Paulo (Mercadão),43.42
Papel Higiênico (Pacote),7896543210045,Higiene,12 rolos,"Rede Sacolão (Ex: Sacolão da Fartura, etc.)",24.63
Liquidificador,7899876540026,Utensílios de Cozinha,Unidade,Mercado Municipal de São Paulo (Mercadão),219.35
Jogo de Panelas (5 peças),7899876540019,Utensílios de Cozinha,Jogo,Extra Hiper (lojas remanescentes),327.78
Suco Concentrado (Laranja),7891234560171,Comidas,500 ml,"Rede Sacolão (Ex: Sacolão da Fartura, etc.)",16.68
Concha de Feijão (Inox),7899876540064,Utensílios de Cozinha,Unidade,Extra Hiper (lojas remanescentes),15.33
"Faca de Cozinha (Chef 8"")",7899876540033,Utensílios de Cozinha,Unidade,Mercado Municipal do Ipiranga,45.36
"Faca de Cozinha (Chef 8"")",7899876540033,Utensílios de Cozinha,Unidade,Mercado Municipal de Pinheiros,61.61
Tábua de Corte,7899876540040,Utensílios de Cozinha,Unidade,"Rede Sacolão (Ex: Sacolão da Fartura, etc.)",40.42
Liquidificador,7899876540026,Utensílios de Cozinha,Unidade,"Rede Sacolão (Ex: Sacolão da Fartura, etc.)",210.41
"Faca de Cozinha (Chef 8"")",7899876540033,Utensílios de Cozinha,Unidade,Extra Hiper (lojas remanescentes),58.27
Colher de Arroz (Inox),7899876540057,Utensílios de Cozinha,Unidade,Mercado Municipal de São Paulo (Mercadão),18.1
Colher de Arroz (Inox),7899876540057,Utensílios de Cozinha,Unidade,"Rede Sacolão (Ex: Sacolão da Fartura, etc.)",18
Concha de Feijão (Inox),7899876540064,Utensílios de Cozinha,Unidade,Mercado Municipal de São Paulo (Mercadão),15.79
Jogo de Panelas (5 peças),7899876540019,Utensílios de Cozinha,Jogo,Mercado Municipal de São Paulo (Mercadão),284.15
Concha de Feijão (Inox),7899876540064,Utensílios de Cozinha,Unidade,"Rede Sacolão (Ex: Sacolão da Fartura, etc.)",19.76
Jogo de Panelas (5 peças),7899876540019,Utensílios de Cozinha,Jogo,"Rede Sacolão (Ex: Sacolão da Fartura, etc.)",327.71
"Faca de Cozinha (Chef 8"")",7899876540033,Utensílios de Cozinha,Unidade,Mercado Municipal de São Paulo (Mercadão),48.49
"Faca de Cozinha (Chef 8"")",7899876540033,Utensílios de Cozinha,Unidade,"Rede Sacolão (Ex: Sacolão da Fartura, etc.)",63.77
